{
  "sizes": [
    10,
    50,
    100,
    500,
    1000,
    5000
  ],
  "matchers": {
    "SequenceMatcher": [
      0.0424169993493706,
      0.20895800116704777,
      0.40883300243876874,
      2.1253749982861336,
      4.805417000170564,
      28.833291999035282
    ],
    "TimingMatcher": [
      0.06066599962650798,
      0.3023749995918479,
      0.6160410011943895,
      2.9289999984030146,
      6.619166997552384,
      45.110791998013156
    ],
    "PredicateMatcher": [
      0.6336660007946193,
      3.2615409982099663,
      6.08579199979431,
      30.862749998050276,
      68.60812499871827,
      327.48733300104504
    ]
  }
}